"Timestamp","Approximate Time Spent in Seconds (Note: 1 minute = 60 seconds)","Ease of use (1=Difficult, 7=Easy)","Clarity (1=Unclear, 7=Clear)","Guidance felt (1=None, 7=High)","Level of Completion (0 = No Progress, 1 = Explored Data, 2 = Generated a Chart or Visual)"
"2026/04/09 7:04:14 PM AST","300","5","6","3","2"
"2026/04/09 8:03:35 PM AST","680","6","6","5","2"
"2026/04/09 8:57:03 PM AST","5","7","7","7","2"
"2026/04/09 9:07:21 PM AST","300","4","4","2","2"
"2026/04/09 10:05:45 PM AST","2","6","4","1","2"
"2026/04/09 10:10:12 PM AST","60","7","5","7","1"
"2026/04/09 10:15:21 PM AST","10","5","5","5","1"
"2026/04/09 11:37:36 PM AST","720","6","6","6","2"
"2026/04/09 11:51:23 PM AST","180","3","4","4","2"
"2026/04/10 10:13:08 AM AST","3 minutes","4","4","3","1"
"2026/04/10 3:40:08 PM AST","300","6","5","2","2"
"2026/04/10 4:01:40 PM AST","60","4","4","2","1"
"2026/04/10 4:20:39 PM AST","420","5","6","4","2"
"2026/04/10 5:24:20 PM AST","60","3","4","4","2"
"2026/04/10 6:16:00 PM AST","50","3","3","2","1"
"2026/04/10 6:28:26 PM AST","300","5","4","1","2"
"2026/04/10 6:35:24 PM AST","300","6","6","4","2"
"2026/04/10 6:42:03 PM AST","360","5","5","3","1"
"2026/04/10 7:07:41 PM AST","300","3","4","4","2"
"2026/04/10 8:08:26 PM AST","300","6","6","5","2"
"2026/04/10 8:12:48 PM AST","300","5","3","2","1"
"2026/04/11 2:27:26 AM AST","300","2","7","3","1"
"2026/04/11 10:56:31 AM AST","600","4","4","1","2"
"2026/04/11 2:06:05 PM AST","300","6","7","6","2"
"2026/04/12 12:28:05 AM AST","167","6","6","5","2"
"2026/04/12 6:22:56 AM AST","300","6","5","5","2"
"2026/04/12 2:27:48 PM AST","120","5","3","2","1"
"2026/04/12 7:29:54 PM AST","360","4","3","3","2"
"2026/04/12 9:57:23 PM AST","300","5","5","4","2"
"2026/04/13 10:57:16 AM AST","300","6","4","4","1"
"2026/04/13 1:34:19 PM AST","400","5","5","5","2"
"2026/04/13 1:58:22 PM AST","120","5","5","3","1"
"2026/04/13 2:07:26 PM AST","300","6","6","6","2"
"2026/04/13 2:15:28 PM AST","600","3","4","3","2"
"2026/04/13 2:23:13 PM AST","300","5","6","5","2"